org_id,week1_activities,week2_activities,week3_activities,week4_activities,total_activities,converted,trial_start_date,trial_end_date
00456fd86311b6095ad05f7e31758f0d,6,0,0,0,6,0,2024-01-11,2024-02-10
007d48a2bc006e6eac0348c788d26dfd,5,0,0,0,5,0,2024-03-16,2024-04-15
00f00e783ff21fd62404d10ced5cd45f,6,0,0,0,6,0,2024-03-25,2024-04-24
014d8cdf08111d7442887a4704b47caa,14,0,0,0,14,0,2024-02-11,2024-03-12
014f83e0deae3ac42041a126f1022974,124,0,29,13,166,1,2024-03-19,2024-04-18
01546aab771c035a82fad535398ea828,2,0,50,0,52,0,2024-03-05,2024-04-04
0169dad72560ef57cf45c60e7292ba09,29,0,0,0,29,0,2024-02-02,2024-03-03
016d30d71ff7cb5287de6c2dc578b889,64,0,0,0,64,0,2024-02-25,2024-03-26
01842569c6942b80bce161f32bbfd53d,81,20,5,67,173,1,2024-03-12,2024-04-11
018df05a737bec235e219ef3a15e2dc2,15,0,0,0,15,0,2024-01-09,2024-02-08
01bebb2d7ba153849b57477e476841c8,12,0,0,0,12,0,2024-03-25,2024-04-24
01c797551fa75279d472dc09736e92d1,4,0,0,0,4,0,2024-01-11,2024-02-10
01ec7118bdcdc09ada1647e6bd215f31,4,0,0,0,4,0,2024-01-31,2024-03-01
01f5d8504faeac5ba7283bbb28e752c5,3,0,0,0,3,0,2024-01-13,2024-02-12
01f72f7e769498606ab1cc67d4869793,0,81,62,53,196,1,2024-03-21,2024-04-20
021a7bf9da9474f132b76b4bafb9f3de,3,0,0,0,3,0,2024-01-12,2024-02-11
0230aaa200a6c33b10c198297beb8478,133,6,52,18,209,1,2024-03-12,2024-04-11
024847dac7c181bcb49c774b053ef892,30,5,0,0,35,1,2024-01-25,2024-02-24
025bc08842ce8b8ea81b68ec6dcda4fe,4,0,0,0,4,0,2024-01-10,2024-02-09
027d83bb7f1fc8937c6fcb03c211d29d,8,0,0,0,8,0,2024-03-10,2024-04-09
028a1ac6516864ebe65ce5fb705a27b4,17,1,0,0,18,0,2024-03-25,2024-04-24
029734f906ca5ce1dce0e8db457bb9f3,8,0,0,0,8,0,2024-03-06,2024-04-05
02cb9bcda44cd09d79615be9f8d86e84,17,0,0,0,17,0,2024-02-02,2024-03-03
033a90a4d5e5c2c8ed356cc23de2b415,59,29,0,0,88,0,2024-01-11,2024-02-10
035f1142866e6b454b4d69d360f06336,9,0,0,0,9,0,2024-03-17,2024-04-16
03653197d6e61b80f0dde505483091fd,11,0,0,0,11,0,2024-03-13,2024-04-12
0379cb8da8d974fb7c8e8e7796ea9aaf,221,37,19,9,286,0,2024-01-03,2024-02-02
038fa01ec2e98ec6966e2264cb960bc7,102,2,225,90,419,0,2024-02-09,2024-03-10
039dbb881f0cabed1a145aa6b70e910d,8,0,0,0,8,0,2024-02-26,2024-03-27
03a4ece463246ec43cc1e86364b463d3,0,0,167,365,532,0,2024-01-05,2024-02-04
03add5df59d723dc3b22f30e0280fd1e,7,45,0,0,52,0,2024-03-01,2024-03-31
03b9ad0cf5f7189b006b5e9e434a61ca,43,0,4,1,48,0,2024-02-03,2024-03-04
03f1d05024023444cc47a879338832d1,14,0,0,3,17,0,2024-02-29,2024-03-30
03f5b05fccdf685c1040367c49a93151,21,6,0,0,27,1,2024-03-09,2024-04-08
03f8bc579615bf7fa9f85107b158787b,53,0,0,0,53,0,2024-02-18,2024-03-19
03fcb0ac9bde23aa61e6017c8748ebd0,9,0,0,0,9,0,2024-02-28,2024-03-29
040b943351d36c0946fe7ac4386f31d3,7,0,0,0,7,0,2024-02-10,2024-03-11
042d03dc1550ebfeabd34fa67469a883,17,0,0,0,17,0,2024-03-06,2024-04-05
04577406210369010606496cd4964266,25,0,0,0,25,0,2024-01-23,2024-02-22
046ab37c71da1bbf6629be3f5cc7a056,27,0,0,0,27,0,2024-03-13,2024-04-12
047438204e8253344d9aedf8c2541b80,383,19,5,23,430,0,2024-01-06,2024-02-05
048707478eb408a1bab55d84e7173a73,7,0,0,0,7,0,2024-03-26,2024-04-25
04933a9e72c45e5553c0d1dbf392a663,113,125,16,51,305,0,2024-01-11,2024-02-10
0498909ff4f6548043d7d8c0954fc02d,14,0,0,0,14,0,2024-03-16,2024-04-15
04b747a8d8b63d041e2d1c7eb1d8cb0d,17,2,0,0,19,0,2024-03-12,2024-04-11
04ba871c8a6bda89a5ba741bef6cd6b1,12,0,0,0,12,0,2024-03-11,2024-04-10
04c356f5c28a5be4e1dea4065437393e,4,0,0,0,4,1,2024-02-05,2024-03-06
0501a8c098811070031e15f6a47c2d58,0,15,0,0,15,0,2024-02-12,2024-03-13
050cc3c94f84072546e224eba549335e,87,0,0,0,87,0,2024-03-17,2024-04-16
051974df6d8b59584abdcc4beae38c73,26,0,0,0,26,0,2024-03-30,2024-04-29
052ecd6e8fe7c04ad626c070c47aa7e8,14,0,0,0,14,0,2024-01-15,2024-02-14
0572da7e7e99bd58dbd863701bb78728,72,0,0,0,72,0,2024-02-21,2024-03-22
058fd32791e87b313be975cfd94ef7f7,6,5,2,5,18,1,2024-01-12,2024-02-11
059f2702fd1dbf5ca8c39f26811b5571,8,0,0,0,8,0,2024-01-22,2024-02-21
05a9e9bb64b24fe6e66e8936b4ed168d,0,41,0,0,41,0,2024-01-23,2024-02-22
05bf1cb809d017a5f66f779dceca4872,69,5,0,0,74,0,2024-01-08,2024-02-07
063d9cafbfa0b73e46de8f2d5470d532,7,0,0,0,7,0,2024-01-05,2024-02-04
067fc9c8d8d15b80ca775a1d9433cb48,0,123,33,0,156,0,2024-03-07,2024-04-06
069db4b4f7a2ff656567bf713ba25578,2,1,0,0,3,0,2024-02-14,2024-03-15
06c79ae895222750e7a72ee8db76d334,23,11,0,0,34,0,2024-02-03,2024-03-04
06f82f64982653b60a465b33525115b8,18,0,0,0,18,0,2024-02-08,2024-03-09
0704c4ac7c1d3bbf3c1dd7af4349d458,27,28,0,0,55,0,2024-01-09,2024-02-08
072463c6e1f2f4dfa7b3fc8b8662c60d,6,0,0,0,6,1,2024-02-05,2024-03-06
072eecac0f6db90300649ef2b1d16686,3,0,0,0,3,0,2024-03-12,2024-04-11
0737d8ac8eccd484ba29db13677704f8,392,89,6,1,488,0,2024-03-19,2024-04-18
0752928bd25afda76d4d54ee702e80d4,65,14,21,11,111,0,2024-01-02,2024-02-01
07581e3ee4f1cdc16b8252420bf75ebe,5,0,0,0,5,0,2024-01-17,2024-02-16
0798c7f01da45605f6241f40d160e76a,112,0,0,0,112,0,2024-03-10,2024-04-09
07c5ea59df3322b8608f712b3a505d0e,15,0,0,0,15,0,2024-03-25,2024-04-24
07cbecdb3b2f9310e69824a41847e9e2,5,0,0,0,5,0,2024-03-10,2024-04-09
082729967bf9702911c3970d2c1a719a,14,0,0,0,14,0,2024-03-25,2024-04-24
0838a99aad9435b6664bf78ec5dddd63,11,0,0,0,11,0,2024-03-22,2024-04-21
0894a3826cb391f294318eabfc50be04,24,0,0,0,24,1,2024-02-02,2024-03-03
08d60b97d27008e51fd64ad4b4411a60,9,13,105,0,127,0,2024-02-17,2024-03-18
08dcc9ef767b45322037182a3ac9e9d2,18,0,0,0,18,0,2024-03-09,2024-04-08
08e60afb4c04b4d96069c17605dfa3ba,9,0,0,0,9,0,2024-02-27,2024-03-28
08fbf41b4ab025919457d94ba2dd2fcc,3,0,0,0,3,0,2024-01-10,2024-02-09
08fc0ee1849dc9565ed46d22c88e4603,3,0,0,0,3,0,2024-02-09,2024-03-10
092b40c43e1fd5939accfbb61e3aac66,4,0,0,0,4,0,2024-02-01,2024-03-02
093bf2982c112a1061bfe47cb4f36713,63,0,0,0,63,0,2024-01-30,2024-02-29
09b91c1fbafb66fc641981bf7d3f7218,4,0,0,0,4,0,2024-02-05,2024-03-06
09df60a1dd40f10fbf6d6cb93d802762,4,0,0,0,4,0,2024-02-05,2024-03-06
09e012977a8717d1b6d12eaaeed69d32,25,0,0,0,25,0,2024-03-15,2024-04-14
0a072ebd3ac0e04aacd02f70556315f7,9,19,0,0,28,0,2024-03-09,2024-04-08
0a59ef3b1b4682ab41378a4f3711e08f,41,0,0,0,41,0,2024-02-14,2024-03-15
0a66fcc931ed49d70c044c880b506dd0,0,2,35,0,37,0,2024-01-19,2024-02-18
0a671d8a4307a826360323f3bb919c1d,13,0,0,0,13,0,2024-01-20,2024-02-19
0a797e3ce11a082771947d7ab8ef7be5,5,0,0,0,5,0,2024-01-17,2024-02-16
0a7b67d0a01c8ee850d7ab4d13a12852,4,0,0,0,4,0,2024-02-12,2024-03-13
0aa433bfc1ba709da4c5036081616741,6,0,0,0,6,0,2024-02-11,2024-03-12
0aa55431ab1e5c0e054e3294e7a5fe57,9,0,0,0,9,0,2024-01-27,2024-02-26
0aaa42aaf56c6c9195baeb6db5929532,46,0,1,0,47,0,2024-02-13,2024-03-14
0aad4af4ad7c03f0a839ddeaa70e7c68,82,15,140,34,271,0,2024-02-23,2024-03-24
0ae2610f63d08817a7761d246465b5ac,11,0,0,0,11,0,2024-02-27,2024-03-28
0b092b06694f39b64d9ab41817397cae,3,0,0,0,3,1,2024-03-17,2024-04-16
0b09b796e6f4f892d53af598bb92b98d,2,1,0,0,3,0,2024-02-20,2024-03-21
0b22ee6a8ec8156a0b22706b22df4795,3,0,0,0,3,0,2024-02-18,2024-03-19
0b335fc68dde4bcb7ada1c650888e686,15,0,0,0,15,0,2024-02-16,2024-03-17
0b425a2d338936d433e24ec013e5675a,24,0,0,0,24,0,2024-03-02,2024-04-01
0b892b79d2c7bdc8fcc52f390a36f732,2,1,0,0,3,0,2024-01-31,2024-03-01
0b8d093aaee65086eddf1ab822293e14,3,0,0,0,3,0,2024-01-16,2024-02-15
0bf770e4cf7da296ba6feaf769746eb8,387,58,0,6,451,0,2024-02-07,2024-03-08
0c0810592139c3a4b6518b3565493da5,11,0,0,0,11,0,2024-03-03,2024-04-02
0c73999cca3a664c4adefbd45c3f1cd2,106,0,0,0,106,0,2024-02-18,2024-03-19
0c8b2b22cad0d69afd36b11b3b530836,18,0,0,0,18,0,2024-01-03,2024-02-02
0c943c2aee6fa4fbba787697314cd23e,7,0,0,0,7,0,2024-03-20,2024-04-19
0ca1c7d9af13be594bff054fa96daaa8,5,3,0,7,15,0,2024-01-14,2024-02-13
0cca95c422a98097f0f9d199ec771d02,48,0,0,0,48,0,2024-01-21,2024-02-20
0ce381fdcf5145f0a9178610e6e866f7,3,0,0,0,3,0,2024-03-22,2024-04-21
0cf97f60d41f9541a845d32906633447,12,0,0,0,12,1,2024-02-26,2024-03-27
0cfe1e780ddcd3b97c9c9e6f5f41c686,4,0,6,0,10,0,2024-01-30,2024-02-29
0d02bb2571648071ed7e0be7e704ebef,18,0,0,0,18,1,2024-03-01,2024-03-31
0d2be3642dea6a1e57c536d270eac202,0,0,0,50,50,1,2024-01-23,2024-02-22
0d8da9666ef8de42203dad43ee5c6388,99,33,32,24,188,1,2024-02-02,2024-03-03
0dbf285e3044094e4d546bb6ce8fb181,27,11,13,37,88,1,2024-02-07,2024-03-08
0df55ae43f9a05203eb8f9356e014799,4,0,0,68,72,1,2024-01-24,2024-02-23
0e003968e5493d035064be465392719d,31,0,0,0,31,0,2024-03-19,2024-04-18
0e3967e0198461885e5d86bc25c01a15,80,101,116,114,411,0,2024-02-22,2024-03-23
0e3de494720a7e5dee53e067e15dc7b7,26,0,0,0,26,0,2024-03-07,2024-04-06
0e8695b47e6179a9f1e6fe42a0d54342,225,60,77,35,397,0,2024-03-16,2024-04-15
0ebcaff284573eced9beb87aedc5df98,9,0,0,0,9,0,2024-03-12,2024-04-11
0ed61b6dd923e3eb61bcc083368009a1,11,0,0,0,11,0,2024-02-01,2024-03-02
0f165ca8934c0e012f037d3c9f444c1b,18,0,0,0,18,0,2024-03-09,2024-04-08
0fe70647414fd8a6a14c010374ee2314,141,0,0,0,141,0,2024-01-22,2024-02-21
0ff11c836bda88e014f8cae8f639f40e,136,31,80,226,473,0,2024-02-11,2024-03-12
0fff60d7e748b38f454960a8f94d5879,32,0,0,0,32,0,2024-01-24,2024-02-23
10445441ae4352735871b5c8a1350e14,15,0,0,0,15,0,2024-03-01,2024-03-31
1071edfc892911f72636f444fba820d8,12,0,0,0,12,0,2024-02-28,2024-03-29
107d0609379d68e9bdd119c9946a17ac,3,0,0,0,3,0,2024-02-18,2024-03-19
1084c5d38f89364064989dfc3a46042d,32,15,23,90,160,0,2024-02-26,2024-03-27
10fafd8edc2d00cea3808597f562020c,83,19,17,14,133,0,2024-02-17,2024-03-18
117776cff05b37a547e96b6f7054d746,43,18,80,98,239,0,2024-02-21,2024-03-22
1180777060691d7c9eacb7b97f6c86e5,10,0,0,0,10,1,2024-02-21,2024-03-22
11cd5f3f8f80de504b1cecd35b75c3a9,4,0,0,0,4,0,2024-01-09,2024-02-08
11d58706814c10631552d477a23fc28d,3,0,0,0,3,1,2024-03-05,2024-04-04
11e61b4a5c93f2b7448fb9fe17c8ce85,187,0,0,0,187,0,2024-02-04,2024-03-05
11e6675ce1d232980d09880057d66a8b,8,0,0,0,8,0,2024-02-06,2024-03-07
122a0bce59c47a7d5f6e7da4e7ba38bc,4,0,0,0,4,0,2024-01-20,2024-02-19
1272c4aa282ca3a349f163564d8cc97c,28,0,0,0,28,0,2024-01-23,2024-02-22
1279bfcdb5e7799cd2e1e51d6dbabe91,6,0,0,0,6,1,2024-02-06,2024-03-07
127fba3ac06f26994937d9e13cae3753,54,0,0,0,54,1,2024-01-21,2024-02-20
128a03366af7351689069354e647895d,6,0,0,0,6,1,2024-03-16,2024-04-15
12cad8f0d207e677e18df1177804f417,17,0,0,0,17,1,2024-02-23,2024-03-24
12d70131a26c2fd4022aea91db5aaa66,6,0,0,0,6,0,2024-01-04,2024-02-03
12e5d7b5bf806ab505f3e6e801d25919,143,0,0,0,143,1,2024-01-23,2024-02-22
12e74517300ea7e5cd56b43efed6508c,3,0,0,0,3,0,2024-01-05,2024-02-04
12ed7b7e84363bcfb31778d69276693b,6,0,0,0,6,1,2024-01-01,2024-01-31
1306bdc9a5713828a932af80cf959621,10,0,0,0,10,1,2024-02-08,2024-03-09
131990da1b9c86904ba70826fd348642,9,0,0,0,9,0,2024-01-15,2024-02-14
132d8f8cabba5c8326708f1f6f9b8d35,271,39,0,0,310,0,2024-01-26,2024-02-25
13525c006ccf2884038e21de65d36c0b,46,0,0,0,46,0,2024-01-04,2024-02-03
1358a214520fbf428bb48ee189076ef6,0,0,1,45,46,1,2024-02-13,2024-03-14
13649e4fa1260648d6782dc18a95f8d5,3,0,0,0,3,0,2024-01-21,2024-02-20
1386ea50077967b765f708d90c811af5,7,0,0,0,7,0,2024-03-14,2024-04-13
1398c4833f2d9402fcb98cd2982b75d6,9,0,0,0,9,0,2024-02-26,2024-03-27
13cc5b410c03ebf963f5ad5cdc428eea,18,0,0,0,18,0,2024-01-24,2024-02-23
14015e45a67d636523a139ea69dd0a4f,20,0,0,0,20,0,2024-03-20,2024-04-19
140a2d7a8a5ed691d2e14c358bcc696c,13,0,0,0,13,0,2024-03-07,2024-04-06
1426c516be1c148f0c61300585009a50,12,0,0,0,12,1,2024-03-13,2024-04-12
144980b77ba3b1909b47767637d36c8e,9,0,0,0,9,0,2024-01-27,2024-02-26
146a6b5398abf0b3c64eba782827393b,0,48,4,0,52,0,2024-01-06,2024-02-05
14a0041edbb68db25cc8616a3e4dd101,51,21,56,101,229,0,2024-02-27,2024-03-28
14a7cf7e7b5c20d8a06f08449491b96d,7,0,0,0,7,0,2024-02-26,2024-03-27
14e25bd3637773c0ee106cb9b23c8f68,5,0,0,0,5,0,2024-02-05,2024-03-06
150dd4bcd844cb515c6fce46588bb382,23,0,0,0,23,0,2024-02-28,2024-03-29
15235f794590f27642e149e0a895c1d4,10,0,0,0,10,0,2024-03-18,2024-04-17
155c2ad89c0596065f80aca1133f8f1d,3,0,0,0,3,0,2024-03-17,2024-04-16
1569fdb463b78bc11c0276a4bc989189,7,0,0,0,7,0,2024-02-07,2024-03-08
156e8fd102c92e5a04aa948c4917b747,4,0,0,0,4,1,2024-03-10,2024-04-09
1580a0b6393fd7aafadfac175313e289,3,0,0,0,3,1,2024-01-03,2024-02-02
15fb76069f30418460f0b8787b12cbca,40,0,0,0,40,0,2024-02-16,2024-03-17
16060cc053f4867e9e8875de8f23d62e,46,0,0,0,46,0,2024-03-21,2024-04-20
164c6720de3ff62c43a3691eb7ff164c,53,198,176,95,522,0,2024-01-29,2024-02-28
165aabc65ee37cad125607e6c29bb8c0,3,0,0,0,3,0,2024-01-18,2024-02-17
168d7c77eaa722076012770204a14c0d,5,0,0,0,5,0,2024-03-15,2024-04-14
16b5565f26fddafbf090f3208c4472b2,3,0,0,0,3,0,2024-01-09,2024-02-08
16b6ce1ff9554faf8f9f7118bfd7271a,14,0,0,0,14,0,2024-02-08,2024-03-09
16f6e10939ae01a81e10232fbe506bcc,9,0,0,0,9,0,2024-02-29,2024-03-30
1739bf008c42299848b601d9eb6010d7,6,0,0,0,6,0,2024-03-28,2024-04-27
173a6ebc76c01379fd74fd5fddc94ff4,220,0,0,0,220,0,2024-02-06,2024-03-07
17486251d1f60378aaa47c7028872e48,6,0,0,0,6,0,2024-01-25,2024-02-24
1759d5e0784ca6aa32b3d61f8418ee70,7,0,0,0,7,0,2024-01-25,2024-02-24
1769e18438ad69e1b5c89e153e16cba5,102,69,4,8,183,0,2024-02-15,2024-03-16
177520757aa6e0a4f0bfc9be0b096e7b,5,0,0,0,5,0,2024-02-26,2024-03-27
177e545194d330b2170b3cad48a0257f,5,0,0,0,5,1,2024-03-10,2024-04-09
17a981f07e4885f63c604028d29b0d57,14,0,0,0,14,0,2024-03-06,2024-04-05
17b714b62c9a0a2317b063eec659368f,8,10,0,0,18,1,2024-01-28,2024-02-27
17d325a49ed1290a09c8f3d04a860fd3,16,0,2,0,18,0,2024-03-20,2024-04-19
17ec6610db2a4b16a34852d8a86aa165,112,22,25,5,164,0,2024-03-13,2024-04-12
17f21a709599972f399bb7659dd05996,12,76,109,243,440,1,2024-01-09,2024-02-08
18104d3eed788ca3ad2a9fd8aa2a53b0,21,0,0,0,21,1,2024-01-30,2024-02-29
187c07046ea89c730f520fa75a08e349,82,2,121,60,265,0,2024-01-09,2024-02-08
188cfbafcd625a1e1b93884a9327f5e4,3,0,2,2,7,0,2024-03-26,2024-04-25
189c924fca3a7029ea610e188e8a668e,22,29,4,23,78,0,2024-03-28,2024-04-27
18a89ef0a8901b1213be467839ab772a,5,0,352,224,581,0,2024-03-19,2024-04-18
18e9b772744c011b02413abdb3cb3569,5,0,0,0,5,0,2024-03-06,2024-04-05
19253296a7202756ec5a73a9d9541f2b,6,0,0,0,6,0,2024-03-08,2024-04-07
192b2a3ab31280085131b901a23c27ac,10,0,0,0,10,0,2024-01-25,2024-02-24
194722c85ffbebeeb2f7e202982f16ba,4,0,0,0,4,0,2024-02-08,2024-03-09
19c1ad731d2bc374820461f9a5ba7fed,4,0,0,0,4,0,2024-02-21,2024-03-22
19c2dc50f6ccd7e464f1a710b1356ae4,3,0,0,0,3,0,2024-01-31,2024-03-01
19c38b1b7495779f97524483e58679b1,6,0,0,0,6,0,2024-02-11,2024-03-12
19c5f6cc03354378757319c7215a4543,6,0,0,0,6,0,2024-02-08,2024-03-09
19db988a236e3529c71355c79550c341,88,0,0,0,88,0,2024-03-15,2024-04-14
19ebcfeff96af26e609fdbace1c56abe,16,0,0,0,16,0,2024-01-25,2024-02-24
19ee48f85a318c184e23e0d0b2a9a503,14,62,0,0,76,0,2024-01-12,2024-02-11
19feca9314c2010acf2420bbe582234a,3,8,3,1,15,0,2024-01-17,2024-02-16
1a10cc977479b2226a5358ff13f0687a,60,0,0,0,60,1,2024-01-25,2024-02-24
1a15d89307d9bf15c6dff54902250b04,8,0,0,0,8,0,2024-03-24,2024-04-23
1a1689740e3e03c10962db72b3e148f5,3,0,0,0,3,0,2024-03-14,2024-04-13
1a220a292104ae82c528dfac41a9cc29,324,31,38,31,424,1,2024-01-02,2024-02-01
1a664791c657fe4109cefed667098c4b,34,0,0,0,34,1,2024-03-15,2024-04-14
1a73d8e8db156b8f1fc734d14e3ca42c,77,0,0,0,77,0,2024-03-25,2024-04-24
1a78b358ae2a2d638676ad90ef76203f,5,0,0,0,5,1,2024-03-20,2024-04-19
1a7b1d3b931fb22628521b74815d947e,15,0,0,0,15,0,2024-02-20,2024-03-21
1a7eb35340696c1bf42adb6bc1e9af62,17,0,0,0,17,0,2024-02-19,2024-03-20
1a8b884ecf75e62173f8cfc2d693218f,6,0,0,0,6,0,2024-03-16,2024-04-15
1a97a5c3e26b204d1fd9ce42e90f33f9,31,0,0,0,31,0,2024-03-28,2024-04-27
1aa674f21b506118a37daa03c6922c6d,8,0,0,0,8,0,2024-03-04,2024-04-03
1ad06dc5ccdd8129ace2b65f7e0f3755,13,0,98,12,123,1,2024-02-09,2024-03-10
1add047ab17c02be93d83168af47d559,6,0,0,0,6,0,2024-03-26,2024-04-25
1aea6141c8897216051617be81c27c3e,46,0,89,398,533,0,2024-03-11,2024-04-10
1afae86dc2ea31d6c23dcfacaaa5cdad,45,0,0,0,45,0,2024-03-12,2024-04-11
1afe29d531511019317eaf2367d1cded,14,0,0,0,14,0,2024-02-08,2024-03-09
1b25b92f9423141f15c337cda618d6bd,107,0,0,0,107,0,2024-01-21,2024-02-20
1b3a1cd9e052a09b8110bc8cbfdf5cb7,42,0,1,91,134,0,2024-02-25,2024-03-26
1b4a8585f41f8a40a2c0dff154fd503d,12,0,0,0,12,0,2024-02-19,2024-03-20
1b683fc2ce4b036cac0112e4c361731a,17,0,0,0,17,0,2024-01-23,2024-02-22
1b6a5694832461f9dc3749716e5047fd,4,0,0,0,4,1,2024-02-01,2024-03-02
1b7bbdc9c7ff3bdc7601077241874578,32,21,0,0,53,0,2024-03-22,2024-04-21
1bae3e5dbf14173a578e2f81e8e4d0aa,28,0,0,0,28,0,2024-01-11,2024-02-10
1beeac077c1a0a75c7bc1be6b3306957,6,0,0,0,6,0,2024-01-23,2024-02-22
1bef5917eb3adc401e4df93e1f9340a5,7,0,0,0,7,1,2024-01-13,2024-02-12
1c912497b8998483152f3d672cf82f9c,6,0,0,0,6,0,2024-03-11,2024-04-10
1c99e421b28c6e2068c6bd83d150bf7e,13,0,0,0,13,0,2024-03-08,2024-04-07
1ca01c7c9e027360c1e30f66a509716c,93,0,19,260,372,0,2024-03-18,2024-04-17
1ce883bfcaf30c387698f8a00ce065f9,11,0,0,0,11,0,2024-03-04,2024-04-03
1d059d633fd0d96d19ee2849c058d664,79,60,0,37,176,1,2024-03-15,2024-04-14
1d1e3259f391eb91a214be14bc37316a,29,3,0,0,32,0,2024-03-19,2024-04-18
1d4c83a11e4071bf422aaf0b90f886ca,5,0,0,0,5,1,2024-01-05,2024-02-04
1d9e91ad23aa9ad0f383d65354d1abf8,0,94,0,0,94,0,2024-01-31,2024-03-01
1decbac9b4d62746ab3456f080fc459f,16,2,0,0,18,0,2024-03-22,2024-04-21
1e06f241d63d030ec793a077a001d6c9,9,5,0,0,14,0,2024-01-02,2024-02-01
1e53443ed16090738d6dfa7d7ad59fb2,5,0,0,0,5,0,2024-01-07,2024-02-06
1e5a1d2f46a852ab907a44ecafa1f342,34,0,0,0,34,0,2024-02-14,2024-03-15
1e762a15d7ef671e991af982abf80727,32,0,0,0,32,1,2024-02-07,2024-03-08
1e7a8c10331acec7b5274de6db148887,54,35,21,14,124,0,2024-01-21,2024-02-20
1e8d05791f502591c4c12e93f7f0a96a,18,0,0,0,18,0,2024-02-04,2024-03-05
1ec8daca510142881b276689d1687eed,177,73,0,0,250,0,2024-01-30,2024-02-29
1ed57d35fd8eba96d5a48a2e6e31c52c,32,0,0,0,32,0,2024-01-23,2024-02-22
1ee14bd8cb7bdf52d89a12780fea3fce,4,0,0,0,4,0,2024-02-10,2024-03-11
1eeeb8a0ebf42b3e3cb49bb13f20e1c6,5,0,0,0,5,0,2024-02-26,2024-03-27
1f14124d04ee5a2802bf34c67bc54c27,46,85,105,135,371,0,2024-03-05,2024-04-04
1f3202ad62ccb9602198d3a4f6fff90d,24,5,0,2,31,1,2024-02-26,2024-03-27
1f5491c083bc8cb4191d7eb3a15143ec,135,26,30,96,287,0,2024-01-15,2024-02-14
1f58f41c7f8ecec31e9d02665d717b5b,5,0,0,0,5,1,2024-02-25,2024-03-26
1f645229e51d07ef0ee5c028842a880c,84,84,134,120,422,1,2024-03-10,2024-04-09
1f82fb105c837ec2ba62894d1a83ee29,19,0,111,0,130,0,2024-02-21,2024-03-22
1f8aebbfdbc381d83e6d9276ee93f4af,12,0,0,0,12,1,2024-02-21,2024-03-22
200895fa4b3caa5a7668cdf746d8f9fb,11,0,0,0,11,0,2024-03-06,2024-04-05
201ec1972bb3ff3d690ea6dd16323f90,24,14,11,7,56,0,2024-02-16,2024-03-17
201fdb4da861b1dca42349721f58f789,3,0,0,0,3,0,2024-01-18,2024-02-17
202126d40b02c1d3afef7e9c4be21a4e,201,52,44,59,356,0,2024-01-30,2024-02-29
2030015472b322c5134035b517e2d2b7,4,0,0,0,4,0,2024-02-04,2024-03-05
2048f27233f469a2242dd1444979719f,27,0,0,0,27,0,2024-02-20,2024-03-21
2057756339f07f6899cc65973532f96f,1,8,0,6,15,1,2024-01-30,2024-02-29
20747686585fc557b657e67626fbf300,3,0,0,0,3,0,2024-03-29,2024-04-28
207e9cd9fe854b71c7d88568f2a479d8,3,0,0,0,3,1,2024-01-04,2024-02-03
207ea9930ab65d3d886a5983db31823c,231,72,46,9,358,0,2024-02-08,2024-03-09
2083ce6101fc8559bfcf399e9c50f706,0,0,30,135,165,0,2024-03-02,2024-04-01
20dc5d35f753b640a1113aecbd892ac8,3,0,0,0,3,1,2024-01-03,2024-02-02
20dee293bc4d0918f5a1f8bee37f5e18,5,4,185,16,210,0,2024-01-18,2024-02-17
20eded82b60051a5136fc94533a9a922,6,0,0,0,6,0,2024-01-17,2024-02-16
20f71d840e3a58edbfbdb8a86b688346,2,39,0,0,41,0,2024-03-28,2024-04-27
21039da78446b3025de89133f9de6936,3,0,0,0,3,0,2024-02-15,2024-03-16
21557e335d56ae3e854c94bcad70e933,138,0,0,0,138,0,2024-03-28,2024-04-27
21618fc8ac935e5db72c49d4070229e1,82,15,0,0,97,0,2024-01-26,2024-02-25
2174b1cac37ff59863d49ab9026f4104,9,0,0,0,9,1,2024-01-16,2024-02-15
21934dd7bd9fd62e5435ecc94d00df65,37,31,1,140,209,0,2024-03-29,2024-04-28
21a11ea7c92e10cd8cde77956a6d0e1b,10,0,0,0,10,0,2024-03-28,2024-04-27
21d27466299f91558faeb689234c448e,6,0,0,0,6,0,2024-03-26,2024-04-25
21d2800ddc471d7b8a2e90ea421e7842,0,36,22,291,349,0,2024-02-07,2024-03-08
21e8a221ac5fb4c68b9d214883d910cc,9,0,0,0,9,0,2024-01-19,2024-02-18
220100622734997a80cee9b6ba1e6fe7,116,128,0,1,245,0,2024-01-09,2024-02-08
22b12adbf62e4071bc4d683ff73661dc,9,0,0,0,9,0,2024-02-03,2024-03-04
22bf2888072c1506842baf8f95aa80be,4,0,0,0,4,0,2024-02-12,2024-03-13
22ca570dd6e97c9d8caa348d7ceccd80,11,0,0,0,11,0,2024-03-26,2024-04-25
22eadb2855feae38173d52598fab9e74,67,0,0,0,67,0,2024-01-15,2024-02-14
2305b3538841ffaaf1802a8c56016edb,18,0,0,0,18,0,2024-02-25,2024-03-26
233157832ed8d928e087eb3b8a556a8e,0,0,0,12,12,0,2024-01-30,2024-02-29
2343a48f08a13f16006fb39b7b4eb8b2,51,5,1,0,57,0,2024-03-15,2024-04-14
235c4b261aa9fef704bff7150929139d,133,204,101,4,442,1,2024-01-14,2024-02-13
238a8b9a4d2687f54b05c7687fb07cf5,51,0,0,0,51,0,2024-02-08,2024-03-09
239d1774d4e2d661649755e172e02ca8,17,0,0,0,17,0,2024-02-29,2024-03-30
23a85dd950960409eeb94a355272fd39,42,0,0,0,42,0,2024-03-06,2024-04-05
23ca557687191e3c3617bdb254446fe0,3,0,0,0,3,0,2024-02-14,2024-03-15
23d640c186405f3ffa0dff31bbd3d338,27,0,0,0,27,0,2024-02-13,2024-03-14
23f20bd9b802261dd5ee596e76fc3cbc,5,2,0,0,7,0,2024-02-29,2024-03-30
23f9199b1b3adba933e3deb8e0c1003c,4,0,0,0,4,0,2024-03-02,2024-04-01
23ffb8858432874e23d4b4eadb643ca1,38,4,0,0,42,0,2024-03-08,2024-04-07
240ad598e0ec51d112efe8b11f54eb6b,8,0,0,0,8,1,2024-02-19,2024-03-20
240ffe745c1b853df22428d590b50087,38,0,0,0,38,0,2024-02-26,2024-03-27
241a0a22cea04f335ea48a7151c9577f,12,12,10,11,45,0,2024-03-22,2024-04-21
2431dd724f9787bf364c2b6d50741991,4,0,0,0,4,0,2024-03-28,2024-04-27
245185214fe7885b53bf032d432c6fd1,17,4,0,0,21,0,2024-01-11,2024-02-10
249be7e69e6dd51dc18020caf46ab53b,13,0,0,0,13,0,2024-02-02,2024-03-03
24a46d3d64770ca6e39ef26d45046a22,3,0,0,0,3,1,2024-02-06,2024-03-07
24a5f49f1d23af6d78f6b716ddd22c04,17,0,0,0,17,0,2024-02-29,2024-03-30
24bec0ae271020edb1f43d18f702fc5b,60,0,0,0,60,0,2024-02-21,2024-03-22
24d9423550977294b04540e48ed620bd,30,0,0,0,30,0,2024-03-12,2024-04-11
24f5246f36684ad0d7eb3a6f6cdffff0,10,0,0,0,10,0,2024-02-22,2024-03-23
24f790172e0fd0b2af50c364eb64026c,53,29,33,16,131,0,2024-03-03,2024-04-02
252ce108eaaabc37dbf995b8f10bc86c,82,9,0,0,91,1,2024-03-10,2024-04-09
255abe91d6fde310c2cad4383128babe,45,0,0,0,45,0,2024-03-20,2024-04-19
25a6ab67f3f49c5816716387c079455c,68,7,11,28,114,0,2024-01-30,2024-02-29
25a94a90ba1770285ffa9b4ec23cee39,8,0,0,0,8,0,2024-01-19,2024-02-18
25b1d2bb5f664d075b4ab3548e028876,7,0,0,0,7,1,2024-01-02,2024-02-01
25c4df6b082e9b9dbd16eb567b30c62a,17,0,0,0,17,0,2024-03-10,2024-04-09
25d31db83d1770a73dd9324c0f80d836,8,48,15,4,75,1,2024-02-07,2024-03-08
25f9631cfdd7929666640b3783c4dd20,49,4,0,0,53,0,2024-02-27,2024-03-28
265748fd94e69986726d33248c14cb41,0,0,0,3,3,1,2024-02-10,2024-03-11
265998c3eaa0d8a3314d1753aea02147,27,0,0,0,27,1,2024-01-06,2024-02-05
2664c519b8760e8454bdf3daf57514b9,7,0,0,0,7,0,2024-02-20,2024-03-21
266dd06897b8a100fec485aa2f7ec512,3,0,0,0,3,0,2024-03-05,2024-04-04
268297cf1e70ad9cbbcba2e1d7596410,3,0,0,0,3,0,2024-02-03,2024-03-04
26b23ff8af16e658bb8791457e06f639,20,0,0,0,20,1,2024-02-01,2024-03-02
26e6e8660edefb3e396a58cfc498fc85,3,0,0,0,3,0,2024-03-19,2024-04-18
26ec14519cb2973eae2869f9348b1aa2,33,2,0,9,44,0,2024-02-11,2024-03-12
274597e10df30ec79e7b8ea7666338a9,3,0,0,0,3,1,2024-01-22,2024-02-21
274be2d467062f1fc78994d59beea27f,5,0,0,0,5,0,2024-03-14,2024-04-13
27792006dceddbb291ce01f1c9690ebb,8,0,0,0,8,1,2024-03-20,2024-04-19
277f54ff4bc0eeaff2d328025f6ac3bc,4,0,0,0,4,0,2024-02-15,2024-03-16
2790d798ac14bcc7fb75bafb2faa18d4,10,0,0,0,10,1,2024-01-27,2024-02-26
27a3ba5a0f26c072d5c8cc060f071449,6,0,0,0,6,1,2024-01-23,2024-02-22
27ac382fd8813361708437e45794dac4,11,0,0,0,11,0,2024-02-07,2024-03-08
27b6a21949477f47adb59d926efb2b5c,68,75,99,30,272,0,2024-03-29,2024-04-28
27d647a888777f0d8f1db1a8ac016006,76,0,0,0,76,0,2024-01-16,2024-02-15
27f0f6f863600e43c17be49ff0d8b76b,175,80,38,57,350,1,2024-03-25,2024-04-24
284270ea64c5c4127a7235dfe061770b,5,0,3,0,8,0,2024-02-22,2024-03-23
284746c1d3d16056bd0ac1f13dc90416,53,14,18,1,86,1,2024-01-02,2024-02-01
28525e762cc010fb72c50b69ba16abf8,37,32,19,18,106,0,2024-02-05,2024-03-06
2860ba1640605f4b0261774773d4bd0e,13,0,0,0,13,0,2024-03-27,2024-04-26
28647dd9cf1f31aad29f2e260d1790fb,4,0,0,0,4,0,2024-01-11,2024-02-10
288f2de30071a2182634e2c2f41b338a,138,15,0,4,157,0,2024-01-21,2024-02-20
28991ae77438a6a901e6b22a729b2c57,21,2,0,14,37,0,2024-02-06,2024-03-07
28f243ff044a827b7bba6b632e133566,55,0,0,0,55,0,2024-02-13,2024-03-14
29045f2103bef9becf7cf4dcdb797cef,16,0,0,0,16,0,2024-02-24,2024-03-25
29096dbb7d839bd82d4149326b44b9ef,16,0,0,0,16,1,2024-02-08,2024-03-09
295355f126ddcc09165de2770942ab19,16,0,0,0,16,0,2024-02-11,2024-03-12
295c3fb872d5dfdc5527e5cc293b1e2e,5,1,93,228,327,0,2024-03-06,2024-04-05
298053c64143a58e0660f0a655f10593,5,0,0,0,5,0,2024-02-13,2024-03-14
298c444be382a23e9fa74d678442fe70,8,0,0,0,8,0,2024-01-29,2024-02-28
298f5a051571ef1fbc2cf4f45b436041,148,5,1,1,155,1,2024-02-29,2024-03-30
29b5a9ed7031a7c2d6fd7b77bbc3c447,3,0,0,0,3,0,2024-02-10,2024-03-11
29b5cf4bcc8711a47d4ebcbe85c7d996,9,0,0,0,9,1,2024-02-17,2024-03-18
29c3997049bf6c71d8a860a7ef4f3098,3,0,0,0,3,0,2024-03-18,2024-04-17
29d5fa4201f5a09bc74cccd66a7c8cf9,4,0,0,0,4,0,2024-02-29,2024-03-30
29f4b345b056e22e20a0783bf201fcfb,0,0,0,3,3,0,2024-03-11,2024-04-10
2a1be3472ac43b76e03ed45bb5e371ec,64,18,20,13,115,0,2024-02-14,2024-03-15
2a21f0521048ef02bb841ab9e9061bbc,7,0,0,0,7,0,2024-03-29,2024-04-28
2a36f734511c2df75a22561fc514a5aa,61,0,18,22,101,0,2024-01-26,2024-02-25
2ab25be7929c5993ffef2dc6b04832c8,4,0,0,0,4,0,2024-03-21,2024-04-20
2aba4ededbc9ee02d119fe6e3a4cb73a,8,1,0,0,9,0,2024-03-22,2024-04-21
2ae81d755a1e904545daf12fd47ef027,2,0,0,1,3,0,2024-03-21,2024-04-20
2b14cd41f119b2be0a9d6a5a4b5a27f0,0,0,4,431,435,0,2024-03-20,2024-04-19
2b15e126456f0fd021a3b0afc8130dcd,4,6,0,0,10,0,2024-03-25,2024-04-24
2b1e44a8620a124035059ada5fe6214c,11,0,0,0,11,1,2024-03-18,2024-04-17
2b2f0eb5e2897422c184af895f00515a,4,0,0,0,4,0,2024-02-18,2024-03-19
2b538469d087978ee0adf9f0b8dfa3d5,120,0,0,0,120,0,2024-01-30,2024-02-29
2b6114c528342d6f6b2f24fbdf8992ef,3,0,0,0,3,0,2024-01-13,2024-02-12
2b7377caa9aa435894558bacb1eb3332,133,0,0,0,133,1,2024-03-29,2024-04-28
2b80c5b0e94f758fb55c405430405a13,104,0,0,0,104,0,2024-01-29,2024-02-28
2bac3174005f920ceb710d68021596d0,16,0,0,0,16,1,2024-02-23,2024-03-24
2c241b240d178c1dcb5b2b3b5a7c2af0,62,0,0,0,62,0,2024-02-15,2024-03-16
2c49cfcc66f9ad316c1011debf200eda,9,0,0,0,9,1,2024-02-15,2024-03-16
2c90c62d5ca014ebb718f1dbb1a34c28,131,115,127,157,530,0,2024-01-08,2024-02-07
2c99ff6dcac314f12f172d891726bd6d,6,0,0,0,6,0,2024-01-23,2024-02-22
2ca6092f04ce8cdc3426c197fed291c6,95,18,21,29,163,0,2024-01-01,2024-01-31
2cda24a4a47b9152743c66f2191a8a39,6,0,0,0,6,0,2024-02-14,2024-03-15
2d18bdd90870ad2597e58f68493b7672,10,0,0,0,10,0,2024-03-07,2024-04-06
2d22e93aeb64a29913fb0d9ca1793617,18,0,0,0,18,0,2024-02-14,2024-03-15
2d27865c1c01ac844528f73cc0b301c9,4,0,0,6,10,0,2024-03-21,2024-04-20
2d3c4347deb90cf05290df80f0ee855e,157,0,0,0,157,1,2024-03-12,2024-04-11
2d6bdcb956797359b9d15b4fb4800611,3,0,0,0,3,0,2024-02-27,2024-03-28
2d96a450784ba8b8c5cb8e260bdcc127,8,23,0,36,67,0,2024-01-13,2024-02-12
2dfb333b3dae7e6806f587b590612d60,84,0,0,0,84,0,2024-01-13,2024-02-12
2e59883683f9baf2a5df4bd9a615c187,0,0,4,0,4,0,2024-01-09,2024-02-08
2ef9430b39afae3ae8163b8e5c1b7a0a,113,0,0,0,113,0,2024-01-17,2024-02-16
2f0875297666617218b1bfffef5fe49c,24,0,0,0,24,0,2024-02-16,2024-03-17
2f37c79af942516c5085b54d1f49a592,12,0,0,0,12,0,2024-03-09,2024-04-08
2f56444592114a705fc610dc456e377a,6,0,0,0,6,1,2024-02-05,2024-03-06
2f6a3898dd029de3de2ce9bc744bc132,3,0,0,0,3,0,2024-03-15,2024-04-14
2f6ae10433b86dd8173dfc4a4208d3e9,6,0,0,0,6,0,2024-02-16,2024-03-17
2f7a2a2708397417332773725d2a07ba,32,0,0,0,32,1,2024-02-29,2024-03-30
2fb46dabd30bb2c3c5dfafdb84f7029c,17,0,0,0,17,0,2024-02-02,2024-03-03
30293c7e740bb996d9be9549e4bb1330,7,0,0,0,7,0,2024-02-17,2024-03-18
303b6b284cb75739bab15cc093916042,7,0,0,0,7,0,2024-02-26,2024-03-27
30526f2fbb3b7e88255bf2e84e5a4ef9,28,0,0,0,28,0,2024-03-03,2024-04-02
30541e15a252a265eb7335530225f636,14,0,0,0,14,0,2024-02-27,2024-03-28
3057bc13ee2a47810c1a49251a55e26c,13,0,285,6,304,0,2024-02-15,2024-03-16
3094243a603866729af54764eb1605eb,0,4,53,524,581,0,2024-02-22,2024-03-23
309cdbc5340dd603d11e999ca061f387,9,0,0,0,9,1,2024-03-08,2024-04-07
30cad6c50886b69426670afac43cd002,3,0,0,0,3,0,2024-03-15,2024-04-14
30cc69b6591b7309e59191a8a88afff3,15,0,0,0,15,0,2024-01-09,2024-02-08
30d53284f17bcf109c5d334b1dbb0727,5,0,72,218,295,1,2024-01-18,2024-02-17
30ec946cd771d17b61b79181c8d2a2b1,26,0,0,0,26,0,2024-02-15,2024-03-16
312397c192fa1fd95929254d438ea70a,4,0,0,0,4,1,2024-03-26,2024-04-25
315767f1da7062556143d42bb19ba31e,63,6,0,0,69,0,2024-01-31,2024-03-01
3183d964d9ba3fea2b53bc04ecd63197,4,0,0,0,4,0,2024-02-22,2024-03-23
318ec9aef9577e446bae19ac2e0b32e7,86,12,152,74,324,0,2024-02-21,2024-03-22
322575f5e0ba3cb91a1aba056424c7c9,11,0,0,0,11,0,2024-01-02,2024-02-01
324950d5932fc7ef8ab26bac1e847b0b,90,1,0,1,92,0,2024-03-01,2024-03-31
325bbe3c992bfd0f4a206ec2cb65af4d,4,0,0,0,4,0,2024-01-31,2024-03-01
327005a3088cf52bf63c9aa95506a7dd,26,0,0,0,26,1,2024-01-13,2024-02-12
3278fa5ab589673ad7ba9b1f055b40d5,4,0,0,0,4,0,2024-03-05,2024-04-04
32a947e1e87857262fabb667ee156d1b,15,2,0,0,17,1,2024-01-15,2024-02-14
32aaf36ac996938a2ad0eb00afeee299,165,57,78,16,316,0,2024-03-21,2024-04-20
32ad1eef8744a8f8ace72a196c3c70e0,11,0,0,0,11,0,2024-01-25,2024-02-24
32ccf2e91e78212e505f4201e33583df,22,0,0,0,22,1,2024-01-31,2024-03-01
32e0a18fb35892a696a8c8f8fb791c77,21,0,0,0,21,0,2024-02-14,2024-03-15
32e3acfda34247ff3b5c9b4c7a61a355,14,0,0,0,14,0,2024-02-07,2024-03-08
331a2c90e0dd8005b20a1f1d1dd779f5,312,23,115,21,471,1,2024-02-19,2024-03-20
334bedaedc27c30e5514e10e4c8a5c7f,60,9,16,0,85,1,2024-02-18,2024-03-19
334e84fd8e6ab45f39e271aadcc261e6,21,0,0,0,21,0,2024-02-22,2024-03-23
336b126730611dad87a830e0fb1f3610,34,0,0,0,34,0,2024-02-09,2024-03-10
33825ccb96c4cf3b08e17ab31b3c3fd4,144,0,0,0,144,1,2024-01-08,2024-02-07
339700d788ac1d4f9de07cc56814fff1,3,9,0,0,12,0,2024-02-07,2024-03-08
33cb4369c37266cd8994da8878b17b87,8,41,3,0,52,0,2024-03-07,2024-04-06
33f0b98a557961f5ccc519bb972d450f,223,0,0,0,223,0,2024-03-20,2024-04-19
33f25d425aa204c20d860221bcc057dd,4,0,0,0,4,0,2024-01-30,2024-02-29
341364db6109d838d57a68b12524e70e,15,0,5,0,20,1,2024-02-19,2024-03-20
34372dc1782c79a2ef1992cf3eeea694,12,0,0,0,12,0,2024-03-26,2024-04-25
34377961fe6d9a14d928a5545d6ff969,5,0,0,0,5,0,2024-01-22,2024-02-21
343b4cc7f6dcb4dc1eec3fa78ed9a045,16,0,0,0,16,0,2024-03-29,2024-04-28
344707ee2709824d87b93c3208b64d28,19,13,0,0,32,0,2024-03-04,2024-04-03
34d50aad0209c58a3938915d430eae89,7,0,0,0,7,1,2024-02-19,2024-03-20
354ed698684a0b88804d74f3a79f0b64,14,24,58,55,151,0,2024-03-19,2024-04-18
3571b20aaece20a075f6a461bc4f64f9,7,0,0,0,7,0,2024-02-13,2024-03-14
35af11ef256f03809ee37232b17b76f1,49,67,25,52,193,0,2024-01-08,2024-02-07
35ef164f441c37c96e19d11622604347,9,0,0,0,9,0,2024-02-29,2024-03-30
36052c3bc0c1681d19f08cae13c26722,5,0,0,0,5,0,2024-03-13,2024-04-12
36085896c9beb66cb175f783f2a8e3b6,3,0,2,0,5,0,2024-02-27,2024-03-28
3612595b5d2d1c6d70a3942a93417e47,6,0,0,0,6,1,2024-01-26,2024-02-25
364762dcfe5c7632bb91f2f2186a22f1,62,0,0,0,62,1,2024-01-08,2024-02-07
3695372bdc0a85e5b6b49846a5c4d04d,31,0,34,1,66,0,2024-02-20,2024-03-21
36af31068526d3610771b9ca3a43574e,58,65,57,106,286,0,2024-02-28,2024-03-29
36c44b934c692ca73055302982179af3,42,0,0,1,43,0,2024-01-23,2024-02-22
36c764a2578e5b11c5e4367cbbe59ac0,11,0,0,0,11,0,2024-01-20,2024-02-19
36cbbff3dc04c3c8d49511b13a0cba03,0,7,86,148,241,0,2024-03-04,2024-04-03
36dcbde80ad1db748cc806b06ab9aacf,489,66,14,0,569,0,2024-01-28,2024-02-27
36faff87fc1c08d12964d15ff9b87127,29,0,0,0,29,0,2024-02-21,2024-03-22
3741a3dd81f9614dd57f77c0204201f6,42,0,0,0,42,0,2024-03-23,2024-04-22
376b786557fd2f5f48053bc7670b4cdc,198,0,0,0,198,0,2024-01-17,2024-02-16
37770a9be202276cccc8663117351cb2,13,0,0,0,13,0,2024-02-23,2024-03-24
37a39bc74dd6ec81766fe8075f62de07,18,0,0,0,18,0,2024-03-13,2024-04-12
37c53ae0608690cd09d1b2537f01ae9a,30,27,34,22,113,0,2024-02-27,2024-03-28
37c77264896852707387f771311502f2,31,0,0,0,31,0,2024-03-19,2024-04-18
37cbd6507565506fa3b630e9a7f89f12,13,0,0,0,13,0,2024-03-03,2024-04-02
37eec7c87a2f1369c28aeee3a657938e,17,16,0,0,33,0,2024-01-16,2024-02-15
38075cca95ab83bd978470b605c2aa7a,0,0,7,1,8,0,2024-02-12,2024-03-13
3827abcc7550931fafbccfe018a7faa0,6,0,0,0,6,0,2024-03-12,2024-04-11
38382b139748661f7998102d6fa36c59,24,0,0,0,24,1,2024-01-05,2024-02-04
386d1f802cb0a676120b7cb4917fa6d8,10,0,0,0,10,0,2024-02-14,2024-03-15
3879fd5c14cac65384df2f97ceedee79,3,0,0,0,3,0,2024-01-09,2024-02-08
3884605b9549fb2c5d8e6f8406f2a04a,6,1,0,0,7,0,2024-03-29,2024-04-28
38a309092afd9b6da40f95514d3795af,3,0,0,0,3,1,2024-01-11,2024-02-10
38a790cbe120ed298f510ba04526231b,18,0,0,0,18,0,2024-01-08,2024-02-07
38f0e5f3d271e6620bcecd25704365bb,3,0,0,0,3,0,2024-02-23,2024-03-24
38f1dd36ec6de594b74af2e517d76a53,3,0,0,0,3,1,2024-01-15,2024-02-14
390596a278187083495d6710210bfaa7,55,0,0,0,55,0,2024-01-27,2024-02-26
391ecc7e47391e527add5f08068c997a,0,6,0,446,452,0,2024-03-24,2024-04-23
3942a6135046ef9bb7dc157ca170e03a,14,0,0,0,14,0,2024-01-13,2024-02-12
3974f6173d17a85c952e38bb9235a0a1,4,0,0,0,4,0,2024-02-26,2024-03-27
39833499fe1e254cc5d7672747b60cfd,6,0,2,0,8,0,2024-02-08,2024-03-09
399ce372056a542fdd53e6d199f85589,29,0,1,0,30,1,2024-02-18,2024-03-19
39adf22f2db2d9f6e7147eac62fef276,10,0,0,0,10,0,2024-01-14,2024-02-13
39bcba1179835b23af28f40eb7a40ea4,9,0,0,0,9,0,2024-03-20,2024-04-19
39ee224053de226dbfbe0ca7c7f65bb9,3,0,0,0,3,1,2024-03-01,2024-03-31
39feed385f23299de6d459fde1be1d6f,2,0,5,0,7,0,2024-03-01,2024-03-31
3a124fc21f3c03f54a74beeb04082f49,18,0,0,0,18,0,2024-01-15,2024-02-14
3a1d8731ae4d315bdc9be6832cff3d0c,38,0,74,163,275,1,2024-01-09,2024-02-08
3a31a30ad7d30da6f98ce429e47445c5,5,0,0,0,5,1,2024-03-14,2024-04-13
3a5acf87a927536f76490fc8a507e17b,109,66,10,13,198,0,2024-01-01,2024-01-31
3a6adc16bf91a0ab56338955b0c5cac0,33,0,0,0,33,0,2024-01-14,2024-02-13
3aa3c46d090995b93e5c8e416ef1b1d8,4,0,0,4,8,0,2024-03-12,2024-04-11
3ab4252eb47336bae37d438bf50e725a,4,0,0,0,4,0,2024-01-09,2024-02-08
3ac4676efe2fd2c2ee39d35fc528f2c4,5,0,0,0,5,1,2024-02-02,2024-03-03
3ad51b871b7721d0461899e87b45e2a2,5,0,0,0,5,0,2024-03-14,2024-04-13
3adbb7c167367d71ef28398bb04ced02,0,0,11,0,11,1,2024-02-05,2024-03-06
3af4c4a48a8cd8e9ac586b594e8b6f17,11,78,0,81,170,0,2024-02-08,2024-03-09
3aff86430e51e2d82f5bd4d1662759d0,53,0,0,0,53,0,2024-03-20,2024-04-19
3b0dac0d8061589ce0931ac5ded4111d,16,0,0,0,16,1,2024-02-26,2024-03-27
3b190393e943cd790e4d0c345b605c0d,4,0,0,0,4,0,2024-02-19,2024-03-20
3b4928992a1ec88f566a20b25ccbb8bc,100,33,159,151,443,0,2024-02-13,2024-03-14
3b5f82bb225f2b19d15cbfb5f661624f,6,0,0,0,6,0,2024-02-15,2024-03-16
3b90701ee7c8529c8f77bc96f3b37afa,2,32,0,0,34,0,2024-03-27,2024-04-26
3b92b9c9e0c5f2dd0b450025c1991106,44,0,0,0,44,0,2024-03-04,2024-04-03
3b93943e6b08171596eea454b0ac2c90,6,0,0,0,6,0,2024-03-29,2024-04-28
3b97760b73ef1553594ed756059125fa,4,0,0,0,4,0,2024-03-20,2024-04-19
3ba0dddb36dccc5a3b9a05560976524f,151,0,0,0,151,1,2024-02-12,2024-03-13
3ba6c2eafa304913d660cd9cc57f975d,18,0,0,0,18,0,2024-02-19,2024-03-20
3baa890965eacf3b11eb2479280f4fa2,6,0,0,0,6,0,2024-01-23,2024-02-22
3bccbfc805ed21ac7468c2aad622dfa5,6,0,0,0,6,0,2024-01-18,2024-02-17
3bd9f7fcd2c5fd2a4d3f4670343a1656,6,0,0,0,6,1,2024-01-22,2024-02-21
3c2b670afa3156936b5f25361310e384,10,0,0,0,10,0,2024-02-15,2024-03-16
3c482b107ebcd79c4708efc6f494440e,3,0,0,0,3,1,2024-01-02,2024-02-01
3ca8de1ba1a9f5e65245239125661a0c,5,0,0,0,5,0,2024-02-07,2024-03-08
3ce5a5b7dd03ddf5eb5e9403109d04bb,11,0,0,0,11,0,2024-02-20,2024-03-21
3cf5ef5523df6881a577f109e8b12ea7,9,0,0,0,9,0,2024-03-26,2024-04-25
3cf7cc8df0c55891fd1918d9937b82a2,58,48,83,90,279,0,2024-02-20,2024-03-21
3d11ca9cec54f5ddd58ba3e483fa4a3a,109,58,0,14,181,1,2024-02-10,2024-03-11
3d3fcfa15abeb2f44fa2f38f914a472f,19,0,0,0,19,0,2024-01-23,2024-02-22
3d58206749021ea4ac0dfb61f7ae91e2,3,3,5,0,11,0,2024-01-09,2024-02-08
3d5cd2581e2093c34312f19e77cfeef0,3,0,0,0,3,0,2024-03-21,2024-04-20
3d72226351b743f0e530625927c8fbbe,0,12,0,33,45,1,2024-03-12,2024-04-11
3e0f3b76bfe286c7c25a292742dbcdc5,268,22,2,49,341,0,2024-02-11,2024-03-12
3e11cdaaf869e22c7d492802e96b0c06,0,6,0,0,6,0,2024-02-23,2024-03-24
3e53d1d0c2d2e0b98d5af211d7fa08d0,5,0,0,0,5,1,2024-02-12,2024-03-13
3e67f088d9f15d613855134bac136a8f,6,0,0,0,6,0,2024-03-17,2024-04-16
3e6dac96321ef79b4bc5d483f27a34bd,9,0,0,0,9,0,2024-01-22,2024-02-21
3e851a75b56c8dcb5251ff13b31378c0,9,0,0,0,9,0,2024-03-01,2024-03-31
3ea7870ade3213603d609b808f35582a,3,0,0,0,3,0,2024-02-05,2024-03-06
3eafe5a7fb996bc93b22cf6a9bb54082,77,28,25,36,166,0,2024-01-22,2024-02-21
3ede43f8ddc72c69637bcceda35cedb6,13,0,0,0,13,1,2024-02-21,2024-03-22
3ef51995da8403bffbd05361e2a43e8f,23,0,0,0,23,0,2024-01-21,2024-02-20
3ef9efb31a8b83fb8af6db477ccd4d54,4,0,0,0,4,1,2024-01-12,2024-02-11
3f19f70e3c54ea5f1cb4ff375d50426a,4,0,0,0,4,0,2024-02-28,2024-03-29
3f8a762206935dad5792c4a4fc5354e9,13,0,0,0,13,0,2024-02-22,2024-03-23
3f94e3f667647b1662c2adbb58c69a8d,6,0,0,0,6,1,2024-03-01,2024-03-31
3ffa2c1a92505bdd41a05ee7df375363,46,6,1,43,96,0,2024-03-13,2024-04-12
3fff3c23e71c3ede932006c9b31a7124,5,0,0,0,5,0,2024-01-20,2024-02-19
4021dbe5338de710ab82439bc41bdc5f,3,0,0,0,3,0,2024-01-04,2024-02-03
40277f48110de00f7e01ea38dfbb8026,6,0,0,0,6,1,2024-02-21,2024-03-22
403122439df7d6d5b6bffd8f30b88d01,4,0,0,0,4,0,2024-02-28,2024-03-29
40543426ed74dc1e6d29ceff87986f57,6,1,0,0,7,0,2024-02-09,2024-03-10
406f5170cd46e0ffe30655ce0189de59,71,161,98,104,434,0,2024-03-29,2024-04-28
4079d96c35b3cedd53710d49023dee1f,0,25,12,26,63,0,2024-02-20,2024-03-21
40894978759ca08931fbc95806b44c63,4,0,0,0,4,0,2024-01-15,2024-02-14
408ee78438434d4f8767ed34e9af7fa5,4,0,0,0,4,0,2024-03-22,2024-04-21
409bf41c504aea7c62966498beb1f011,185,2,0,0,187,0,2024-01-05,2024-02-04
40f89844a323c08fc4c6c43c207a0fe7,3,0,0,0,3,1,2024-03-30,2024-04-29
4107751a27d6ded4c54b55647fcaab5d,48,0,0,0,48,0,2024-03-25,2024-04-24
410fea71022afb1ee2f706b42dbffb18,5,0,0,0,5,1,2024-01-24,2024-02-23
416b28f07cdbdf3630e3e8f4d828d814,4,0,0,0,4,0,2024-02-29,2024-03-30
4183b60237fb8f2854f3cc8a0e2566d1,14,6,0,0,20,1,2024-02-14,2024-03-15
41b539360f36d6d28f08304293ace5b4,14,0,0,0,14,0,2024-01-09,2024-02-08
41f84c287a32f1f129a58786272b4870,28,0,0,3,31,0,2024-02-13,2024-03-14
424e1adcd92d905faa7269fcaa010e23,192,68,12,0,272,0,2024-01-08,2024-02-07
425007adc0a4965f98663f8069b656b4,3,0,0,0,3,0,2024-01-25,2024-02-24
425aaa26eb80967c6cd672589e43c765,0,36,10,111,157,0,2024-03-27,2024-04-26
426394d2a914aff2c35a6b7509fdaaf1,0,0,3,0,3,0,2024-01-17,2024-02-16
4272aec621eaf5962410b0a3f8b90af0,4,0,0,0,4,0,2024-03-08,2024-04-07
42a99d938566d4c2457f8adf4c892fc1,10,0,0,0,10,1,2024-01-02,2024-02-01
42dbc1b80837e95f5e3ef0026323f756,3,0,0,0,3,0,2024-01-17,2024-02-16
42e679b567d0a486e8f3fdffc724a425,9,0,0,0,9,0,2024-03-28,2024-04-27
42fd8c7197573b0bc8a605e273635d1a,4,0,0,0,4,1,2024-01-12,2024-02-11
430fafd7c00672fb457b90822b9e2cef,3,0,0,0,3,0,2024-01-28,2024-02-27
432c7a0051e8b9d2fa19f92362924164,209,66,51,29,355,0,2024-03-18,2024-04-17
4378b3cfc6e3f51cd0b7dabc21f7d991,4,0,0,0,4,0,2024-01-31,2024-03-01
437a35a81363c605a2cb9554799f911b,29,0,0,0,29,1,2024-01-04,2024-02-03
4384a9cd3716e66d1d4f22a9db9e36a6,20,0,0,0,20,0,2024-02-07,2024-03-08
43a10a6f38a7ab66c80d5995189773be,10,0,0,0,10,1,2024-02-16,2024-03-17
43ac34e8dc0ad3f2d587f7449f7ee188,13,0,0,0,13,1,2024-03-11,2024-04-10
43bd076ec0568a355a5c994b0b400082,46,0,0,0,46,0,2024-03-04,2024-04-03
43c57ca44b3f96cf5f806fbe2f17954b,3,0,0,0,3,0,2024-03-29,2024-04-28
43f4239207f08089fd3407d94b641c37,20,0,0,0,20,1,2024-01-13,2024-02-12
44012156f7cea4375db87abdd6f16bdf,3,0,0,0,3,0,2024-03-02,2024-04-01
440eeb91cb9533101b1c7773888b1b78,6,5,0,0,11,1,2024-01-29,2024-02-28
44253fa2ecfd03c3e81b3dc07231bdd8,3,0,0,0,3,0,2024-02-01,2024-03-02
4464c098e35573cf971f12b8192f9afb,3,0,0,0,3,0,2024-02-19,2024-03-20
446f68218a9dc9e5dd4dc692b6e28371,17,0,0,0,17,0,2024-01-05,2024-02-04
44850ec746ed3c15ce774dac707da6d5,5,0,0,0,5,0,2024-03-27,2024-04-26
449d19487857f6838cd8ec87dff4e778,3,0,0,0,3,1,2024-01-29,2024-02-28
44a0f9e741c25771481b186fcfd538b6,7,0,0,0,7,1,2024-01-05,2024-02-04
44abbeb9a1d1e1a4d9445207c2d65973,7,0,0,0,7,0,2024-02-06,2024-03-07
44db5cdc15ddb0476f97d7118990bbda,0,0,11,0,11,0,2024-02-09,2024-03-10
453198cc5b7dd4117c13aa1adb1db4e6,5,0,0,0,5,0,2024-01-20,2024-02-19
4552ea775dc43498505635641cebfc89,8,0,0,0,8,0,2024-02-11,2024-03-12
45a468196b54d01634e73a6dc81e1854,9,1,0,0,10,0,2024-02-22,2024-03-23
45eb5ff53d41f172f3b2240f9e3d1ccc,6,0,0,0,6,0,2024-03-04,2024-04-03
4618df022363f17eebde962d6832cde0,16,0,0,0,16,0,2024-03-21,2024-04-20
46256a0284a39237cd4364fbf7a1c4a9,11,0,0,0,11,0,2024-02-19,2024-03-20
4638576b0a02be4206badc3863f50859,16,3,0,9,28,0,2024-01-09,2024-02-08
46ddea6eb6927763a283e3e2796d1fa3,19,0,0,0,19,0,2024-01-18,2024-02-17
46e22921b9d196dd86dba32edbdd8204,4,0,0,0,4,0,2024-02-14,2024-03-15
472339bb03be9c92305f1c107f7bef1e,0,0,0,17,17,0,2024-02-14,2024-03-15
47237ad21227099e72023701ac25f341,3,0,0,0,3,0,2024-03-12,2024-04-11
47520d17aab9387b0c0e5c51fd1f37fd,56,0,0,0,56,0,2024-01-09,2024-02-08
4759698d919d34b1694d17d12448f618,14,0,0,0,14,0,2024-02-20,2024-03-21
479830f2d7510005b005c1da7c4d6aaa,3,0,7,2,12,0,2024-03-02,2024-04-01
47fd768136710166bdd61cace45c54b4,22,17,0,0,39,0,2024-02-18,2024-03-19
4814cfc55672924663ab7217fc7753e8,34,0,0,1,35,0,2024-02-07,2024-03-08
4855264c9b125f6a44b0e41d0ac69b43,9,0,0,0,9,0,2024-01-18,2024-02-17
48598a5ea58ff66d9626622be6ca353b,16,0,0,0,16,0,2024-01-24,2024-02-23
485df895ab98b8336a918e0abf6dc883,20,0,0,0,20,0,2024-02-12,2024-03-13
48644bd002eb9b910fb9874e382a52a5,67,54,50,72,243,0,2024-02-20,2024-03-21
4882e2de3b68c4cff9a40e94587295d2,17,0,0,0,17,0,2024-02-23,2024-03-24
48a33ccfb5a851d5982dcdda0776f7ac,30,0,0,0,30,1,2024-01-17,2024-02-16
48af894a6ab6bcb943d1d631b1d4d8cb,20,0,0,0,20,0,2024-03-25,2024-04-24
48c11b65fdf38b0eb8882f4b2d922a16,0,8,0,0,8,1,2024-02-02,2024-03-03
48d382e3b8d413b490ae226db06b9302,4,0,0,0,4,0,2024-03-26,2024-04-25
48d486e50b4cc7740b6efdf4d5c0a17f,3,0,0,0,3,0,2024-02-04,2024-03-05
48d7c381ede883bfd6dfeeb78a9f0e51,23,0,0,0,23,1,2024-03-22,2024-04-21
48f094fd67ff1c3c93274432dc37810d,19,0,0,0,19,0,2024-01-31,2024-03-01
48f1931ef3f3b3439b1091a83e2a1bf5,18,0,0,0,18,0,2024-02-04,2024-03-05
4914791cbad9bfc77471afef44a9c928,63,71,71,156,361,0,2024-02-03,2024-03-04
491714c1d8ad9e4e0574c4987b63a2a8,455,1,0,7,463,1,2024-01-10,2024-02-09
49191e059fd6899c6824a13d28538f10,4,0,0,0,4,1,2024-03-12,2024-04-11
492fc48940e99f7d22dd21b9e62f7a18,21,0,124,0,145,0,2024-03-27,2024-04-26
4955d8ab2ca105de44e98e06a1cfd0c0,143,0,81,104,328,0,2024-02-20,2024-03-21
496471048946ccac944afcef5feaadb1,7,0,0,0,7,0,2024-01-03,2024-02-02
498cc671dbeb6d74ce536b31db565ffd,13,0,0,0,13,0,2024-01-05,2024-02-04
49a9dc67d5f06589136733e2c88383f3,113,85,121,29,348,0,2024-02-20,2024-03-21
4a1601fe4bb414803815786fff5743d1,55,0,216,97,368,1,2024-02-06,2024-03-07
4a5edcae517eac32c08c54bdb5206df2,4,0,0,0,4,1,2024-02-05,2024-03-06
4a60b18f4efa78b555bf0e3c5857a785,4,0,0,0,4,0,2024-03-17,2024-04-16
4a78b11cd6bc0701e3695eb530a29421,8,0,0,0,8,0,2024-03-06,2024-04-05
4ab290eef0ff091c86270f72cd5df86f,31,4,6,10,51,1,2024-01-10,2024-02-09
4ab931919d2445eba99352d26f023144,5,0,0,0,5,1,2024-02-22,2024-03-23
4abc682bf915eb0bf8226a51d2ba07d0,56,0,0,0,56,1,2024-03-11,2024-04-10
4abe5c1f625e171430816e1d7907cad7,87,0,0,0,87,0,2024-02-13,2024-03-14
4aefdf8d69d2f410485dc9b858d47cb7,4,2,0,0,6,0,2024-01-20,2024-02-19
4b01c9783e41c24921f80012978ed36d,88,0,0,1,89,1,2024-01-07,2024-02-06
4b01ecb9d8aa44925ecf03e0314e4580,4,0,0,0,4,0,2024-02-27,2024-03-28
4b105e49608d97e02a38da8f239b898a,54,9,0,0,63,0,2024-02-28,2024-03-29
4b364ab711f1ec951eee69efb6d11f49,5,0,0,0,5,0,2024-02-22,2024-03-23
4b386f1836c8c36ddbc810ec7e73388f,8,0,0,0,8,1,2024-03-09,2024-04-08
4b8e736fc0a7504df5092430c063ef47,12,0,0,2,14,0,2024-01-30,2024-02-29
4b8e9b32546e8633e91a6b78af62e252,3,0,0,0,3,0,2024-02-13,2024-03-14
4b993d0623ba70118c69ce98acb73e98,5,9,0,0,14,0,2024-02-02,2024-03-03
4b9b54af89e82db07216654237d39ce1,40,0,0,0,40,0,2024-01-14,2024-02-13
4b9dfe781a0e97995ee153ac8ff94e6b,5,0,69,18,92,1,2024-01-13,2024-02-12
4bad3acf74d4da3b7933425ff130832e,64,0,0,0,64,1,2024-01-02,2024-02-01
4bae414966324f389ad8dcf49701313f,16,138,60,128,342,1,2024-02-06,2024-03-07
4bb3721b08066a60f613213e4df60307,41,0,0,0,41,0,2024-03-19,2024-04-18
4bc3b61b4e603bbe32332bcf55f47012,4,0,0,0,4,0,2024-01-15,2024-02-14
4bcb87c90835559cddb05cf2cf8e42ec,48,0,0,0,48,0,2024-01-19,2024-02-18
4bd410c237213ff8d2854324d53afe85,3,0,0,0,3,0,2024-02-13,2024-03-14
4bee4b70ff70c837ed7a67846150b2f2,4,0,0,0,4,0,2024-03-05,2024-04-04
4bf4cc2916d76d5032dfd74224982060,18,0,0,0,18,0,2024-01-03,2024-02-02
4c175f5a46b15452cfa0befc29a3c5b5,3,0,0,0,3,0,2024-01-28,2024-02-27
4c1c7ae5c7f18fc70ae68c8a806e8054,4,0,0,0,4,0,2024-03-03,2024-04-02
4c6884d39968fcf18f43b0ae12595197,3,0,0,0,3,0,2024-03-03,2024-04-02
4c8539d2ababe56545ebbde482dcc2c7,3,0,0,0,3,0,2024-02-10,2024-03-11
4cb3ded67cb7a539395ab873354a01c1,44,0,7,2,53,0,2024-01-10,2024-02-09
4cb5355e3dbbfac0e212ba441df910e0,0,0,0,10,10,0,2024-02-08,2024-03-09
4cc10038294a94e63cc5c4b633c91221,6,0,0,1,7,0,2024-03-20,2024-04-19
4ce5c089f29c4cb7ec42f02fe244bf43,28,4,0,0,32,1,2024-03-23,2024-04-22
4cec627a19fb0f7a330b025dd00b418f,4,0,0,0,4,0,2024-03-12,2024-04-11
4d05b60096c72833c50bbb41d7904a17,6,0,120,244,370,1,2024-02-22,2024-03-23
4d06121773a8235645d342d470b451a9,8,0,0,0,8,0,2024-02-01,2024-03-02
4d98ca4a35ce94b72b2646e5fd130316,19,0,0,0,19,0,2024-01-31,2024-03-01
4da30feb0fffe72adc71f73157168bd2,28,0,0,0,28,0,2024-01-28,2024-02-27
4db03cb83e83692d06d056175d0e27ce,10,0,0,0,10,0,2024-02-01,2024-03-02
4dc7ec0e512ab0e462f6f2a5ebfe54f1,120,0,0,0,120,0,2024-03-28,2024-04-27
4ddfd44d79d8b70c5512dad59d2be7e7,28,0,12,0,40,0,2024-03-26,2024-04-25
4dfdc54e2799302553ddffa4b006d9dd,34,0,0,0,34,0,2024-02-05,2024-03-06
4e00f3c071ee0903bc5f0123cf6bcf57,91,0,0,0,91,0,2024-02-02,2024-03-03
4e213413f2848eecff2dbb63e456a770,9,0,0,0,9,0,2024-03-13,2024-04-12
4e44f506184abb41230dca9183e0dfde,72,20,0,15,107,1,2024-01-15,2024-02-14
4e76bb8e72c66ac1020407778635938f,137,0,0,0,137,0,2024-01-23,2024-02-22
4e7e4c7bd153b3e8728e7be9e717071b,7,0,0,0,7,0,2024-03-11,2024-04-10
4e900f739ad1a3cc11c0bc2ad85db6ff,84,0,0,0,84,0,2024-02-08,2024-03-09
4eb736e6ff7851d301ae68a6aa37081a,0,1,23,12,36,0,2024-01-04,2024-02-03
